City,Country,Lat,Lng,Date,Cloudiness,Humidity,Max Temp,Wind Speed
cherskiy,RU,68.75,161.3,1553755794.0,32.0,58.0,2.15,6.51
yellowknife,CA,62.45,-114.38,1553755724.0,90.0,92.0,21.99,9.17
bredasdorp,ZA,-34.53,20.04,1553755577.0,36.0,77.0,66.2,8.05
hobart,AU,-42.88,147.33,1553755516.0,0.0,40.0,73.0,12.75
pangody,RU,65.85,74.49,1553755795.0,12.0,93.0,24.74,9.31
hermanus,ZA,-34.42,19.24,1553755615.0,36.0,86.0,66.0,3.0
busselton,AU,-33.64,115.35,1553755606.0,8.0,24.0,73.0,18.7
saint-leu,RE,-21.15,55.28,1553755568.0,40.0,62.0,89.6,14.99
lata,IN,30.78,78.62,1553755797.0,12.0,68.0,61.82,1.59
avarua,CK,-21.21,-159.78,1553754600.0,48.0,88.0,80.6,2.24
norman wells,CA,65.28,-126.83,1553752800.0,90.0,86.0,37.4,13.87
luanda,AO,-8.83,13.24,1553752800.0,40.0,88.0,80.6,4.7
berlevag,NO,70.86,29.09,1553752200.0,90.0,100.0,32.0,29.97
albany,US,42.65,-73.75,1553755750.0,75.0,47.0,35.6,14.99
dobryatino,RU,55.51,41.32,1553755800.0,76.0,96.0,24.65,4.72
mount gambier,AU,-37.83,140.78,1553752800.0,40.0,49.0,73.4,12.75
benguela,AO,-12.58,13.4,1553755800.0,36.0,100.0,79.64,2.04
dubbo,AU,-32.25,148.6,1553752800.0,75.0,41.0,78.8,4.7
iqaluit,CA,63.75,-68.52,1553752800.0,75.0,71.0,5.0,12.75
guanare,VE,9.04,-69.74,1553755801.0,0.0,64.0,75.86,3.71
berdigestyakh,RU,62.1,126.7,1553755802.0,0.0,53.0,19.34,3.83
port alfred,ZA,-33.59,26.89,1553755802.0,20.0,76.0,69.65,11.77
rikitea,PF,-23.12,-134.97,1553755803.0,68.0,100.0,76.22,6.29
kodiak,US,39.95,-94.76,1553755758.0,90.0,65.0,61.0,9.17
broome,GB,52.47,1.45,1553755791.0,75.0,81.0,46.99,3.36
conakry,GN,9.52,-13.7,1553752800.0,40.0,83.0,77.0,4.38
punta arenas,CL,-53.16,-70.91,1553755347.0,20.0,86.0,33.8,4.7
new norfolk,AU,-42.78,147.06,1553755755.0,0.0,40.0,72.0,12.75
mont-de-marsan,FR,43.89,-0.5,1553755781.0,0.0,68.0,48.99,3.83
north platte,US,41.12,-100.77,1553755802.0,1.0,70.0,48.2,3.36
mogadishu,SO,2.04,45.34,1553752800.0,75.0,66.0,86.0,6.93
saint-philippe,CA,45.36,-73.48,1553755805.0,1.0,32.0,37.4,8.05
kapaa,US,22.08,-159.32,1553755710.0,20.0,78.0,73.4,6.62
ancud,CL,-41.87,-73.83,1553752800.0,90.0,100.0,44.6,2.24
mataura,NZ,-46.19,168.86,1553755807.0,0.0,74.0,57.99,3.71
awjilah,LY,29.14,21.3,1553755809.0,20.0,40.0,66.14,16.02
namibe,AO,-15.19,12.15,1553755809.0,12.0,98.0,78.02,6.29
vaini,IN,15.34,74.49,1553752800.0,0.0,35.0,89.6,3.36
bolekhiv,UA,49.07,23.86,1553755669.0,0.0,52.0,42.01,6.71
porto novo,BR,-23.68,-45.44,1553752800.0,75.0,94.0,68.0,4.7
timizart,DZ,36.8,4.25,1553755625.0,8.0,55.0,51.01,5.01
tual,ID,-5.67,132.75,1553755811.0,48.0,100.0,80.63,16.91
ushuaia,AR,-54.81,-68.31,1553755643.0,12.0,100.0,33.74,5.61
pulandian,CN,39.4,121.96,1553752800.0,40.0,22.0,46.4,8.95
tabuk,PH,17.41,121.44,1553755812.0,56.0,39.0,88.1,2.04
half moon bay,US,37.46,-122.43,1553755811.0,75.0,87.0,55.4,9.17
tubinskiy,RU,52.89,58.22,1553752800.0,80.0,100.0,26.6,11.18
bell ville,AR,-32.63,-62.69,1553755813.0,44.0,75.0,62.18,11.21
vostok,RU,46.45,135.83,1553755813.0,68.0,48.0,22.13,4.94
caravelas,BR,-17.73,-39.27,1553755814.0,64.0,100.0,80.9,19.26
tiksi,RU,71.64,128.87,1553755814.0,8.0,68.0,15.65,14.12
ilulissat,GL,69.22,-51.1,1553752200.0,68.0,65.0,8.6,16.11
bluff,AU,-23.58,149.07,1553755815.0,100.0,98.0,71.54,12.1
sitka,US,37.17,-99.65,1553755548.0,0.0,74.0,62.01,11.01
waipawa,NZ,-39.94,176.59,1553754737.0,64.0,76.0,59.0,1.99
lebu,ET,8.96,38.73,1553752800.0,40.0,72.0,64.4,13.87
dikson,RU,73.51,80.55,1553755816.0,76.0,100.0,24.38,35.93
grand gaube,MU,-20.01,57.66,1553755745.0,75.0,74.0,87.01,9.17
saldanha,PT,41.42,-6.55,1553755816.0,0.0,54.0,39.5,9.64
jining,CN,35.41,116.58,1553755817.0,36.0,45.0,64.97,10.54
fortuna,ES,38.18,-1.13,1553755816.0,0.0,86.0,50.0,2.24
souillac,FR,45.6,-0.6,1553755688.0,0.0,86.0,43.0,5.82
longyearbyen,NO,78.22,15.63,1553752200.0,75.0,67.0,21.2,28.86
beringovskiy,RU,63.05,179.32,1553755819.0,0.0,86.0,22.22,10.09
cape town,ZA,-33.93,18.42,1553755566.0,40.0,93.0,64.0,5.82
bethel,US,60.79,-161.76,1553752560.0,90.0,86.0,33.8,3.36
laranjeiras do sul,BR,-25.41,-52.42,1553755820.0,12.0,83.0,65.24,6.06
ruteng,ID,-8.61,120.46,1553755820.0,88.0,90.0,78.2,3.15
collie,AU,-33.36,116.15,1553755606.0,0.0,24.0,73.0,13.11
komsomolskiy,RU,67.55,63.78,1553755821.0,76.0,94.0,24.02,14.79
kruisfontein,ZA,-34.0,24.73,1553755821.0,48.0,85.0,62.9,11.88
hilo,US,19.71,-155.08,1553755815.0,90.0,88.0,73.0,13.87
puerto ayora,EC,-0.74,-90.35,1553755822.0,0.0,100.0,77.75,7.52
kahului,US,20.89,-156.47,1553755775.0,20.0,64.0,75.2,3.36
isangel,VU,-19.55,169.27,1553752800.0,40.0,62.0,86.0,13.87
yumbing,PH,9.24,124.66,1553755823.0,56.0,84.0,81.08,7.85
dingli,MT,35.86,14.38,1553755810.0,20.0,93.0,55.0,5.82
susangerd,IR,31.56,48.19,1553754600.0,75.0,49.0,71.6,4.7
do gonbadan,IR,30.36,50.8,1553752800.0,0.0,52.0,66.2,1.14
pisco,PE,-13.71,-76.2,1553752800.0,0.0,78.0,71.6,3.36
nikolskoye,RU,59.7,30.79,1553755571.0,75.0,74.0,37.0,11.18
carnarvon,ZA,-30.97,22.13,1553755824.0,0.0,43.0,54.62,2.93
ribeira grande,PT,38.52,-28.7,1553755788.0,12.0,100.0,57.68,13.44
jamestown,AU,-33.21,138.6,1553755825.0,20.0,66.0,71.27,5.61
chokurdakh,RU,70.62,147.9,1553755780.0,24.0,84.0,5.21,12.88
tautira,PF,-17.73,-149.15,1553755342.0,40.0,78.0,80.6,3.36
guerrero negro,MX,27.97,-114.04,1553755826.0,76.0,99.0,55.43,7.74
srednekolymsk,RU,67.46,153.71,1553755789.0,0.0,49.0,9.08,3.49
mar del plata,AR,-46.43,-67.52,1553755551.0,12.0,71.0,50.84,9.98
onega,RU,63.91,38.09,1553755828.0,8.0,89.0,25.55,8.08
tilichiki,RU,60.47,166.1,1553755828.0,20.0,80.0,17.72,2.71
yokadouma,CM,3.52,15.05,1553755828.0,32.0,87.0,73.34,2.15
luderitz,NA,-26.65,15.16,1553755653.0,0.0,94.0,58.49,9.08
clyde river,CA,70.47,-68.59,1553753760.0,75.0,83.0,-7.61,6.93
victoria,BN,5.28,115.24,1553752800.0,75.0,74.0,87.8,8.05
jalor,IN,25.35,72.62,1553755830.0,0.0,28.0,98.0,4.5
khatanga,RU,71.98,102.47,1553755831.0,12.0,88.0,26.63,16.8
pekan,MY,3.49,103.39,1553752800.0,75.0,70.0,87.8,2.24
port elizabeth,US,39.31,-74.98,1553755816.0,1.0,92.0,37.99,3.27
alofi,NU,-19.06,-169.92,1553752800.0,12.0,94.0,78.8,2.24
atuona,PF,-9.8,-139.03,1553755585.0,0.0,100.0,82.7,14.0
kolno,PL,53.41,21.93,1553755832.0,80.0,96.0,39.95,5.5
cabo san lucas,MX,22.89,-109.91,1553755604.0,40.0,27.0,66.0,4.7
esperance,TT,10.24,-61.45,1553755551.0,20.0,88.0,75.2,3.36
mahebourg,MU,-20.41,57.7,1553755745.0,75.0,74.0,87.01,9.17
san patricio,PY,-26.98,-56.83,1553755834.0,0.0,75.0,67.85,5.61
tasiilaq,GL,65.61,-37.64,1553752200.0,32.0,61.0,17.6,5.82
tagusao,PH,9.19,117.81,1553755835.0,68.0,88.0,82.52,3.94
santiago de chuco,PE,-8.15,-78.17,1553755835.0,88.0,100.0,47.33,1.92
provideniya,RU,64.42,-173.23,1553755836.0,92.0,94.0,31.58,19.04
kirakira,SB,-10.46,161.92,1553755836.0,80.0,100.0,84.68,6.62
pevek,RU,69.7,170.27,1553755836.0,88.0,82.0,7.55,18.37
vung tau,VN,10.35,107.08,1553755751.0,24.0,84.0,85.67,14.45
cap malheureux,MU,-19.98,57.61,1553755745.0,75.0,74.0,87.01,9.17
aklavik,CA,68.22,-135.01,1553752800.0,90.0,86.0,26.6,6.4
severo-kurilsk,RU,50.68,156.12,1553755837.0,92.0,96.0,31.31,28.43
arraial do cabo,BR,-22.97,-42.02,1553755838.0,88.0,93.0,77.57,7.85
gusau,NG,12.17,6.66,1553755838.0,8.0,28.0,69.47,11.21
saskylakh,RU,71.97,114.09,1553755838.0,0.0,87.0,23.12,6.4
amuntai,ID,-2.42,115.25,1553755839.0,32.0,63.0,90.08,2.93
raudeberg,NO,61.99,5.14,1553755804.0,75.0,93.0,48.2,19.46
cabra,ES,37.47,-4.43,1553755704.0,0.0,87.0,46.0,2.24
tura,IN,25.52,90.21,1553755840.0,0.0,76.0,77.75,3.83
abong mbang,CM,3.98,13.18,1553755840.0,56.0,84.0,72.35,2.04
ojinaga,US,29.56,-104.41,1553755531.0,1.0,64.0,69.8,13.87
santa cruz de tenerife,ES,28.47,-16.25,1553755652.0,20.0,93.0,62.6,5.82
roma,IT,41.89,12.48,1553755824.0,0.0,79.0,53.01,5.82
borovoy,RU,63.23,52.89,1553755842.0,64.0,96.0,33.38,6.17
sergeyevka,KZ,53.88,67.42,1553755842.0,24.0,89.0,36.08,16.13
laguna,MX,27.52,-110.01,1553755842.0,12.0,66.0,59.84,1.92
chiniot,PK,31.72,72.98,1553755712.0,0.0,84.0,82.34,4.38
uray,RU,60.13,64.8,1553755843.0,64.0,87.0,38.24,6.06
lompoc,US,34.64,-120.46,1553755727.0,75.0,93.0,57.2,3.36
tigzirt,DZ,36.57,4.2,1553755625.0,8.0,55.0,51.01,5.01
mandalgovi,MN,45.76,106.27,1553755844.0,56.0,70.0,36.71,15.46
kaitangata,NZ,-46.28,169.85,1553755793.0,0.0,71.0,57.99,7.0
bay-khaak,RU,51.16,94.47,1553755845.0,80.0,57.0,32.57,5.39
hithadhoo,MV,-0.6,73.08,1553755845.0,48.0,100.0,82.25,3.49
san andres,PH,13.32,122.68,1553755845.0,0.0,96.0,83.15,2.59
tuktoyaktuk,CA,69.44,-133.03,1553755785.0,32.0,91.0,26.27,11.77
rio gallegos,AR,-51.62,-69.22,1553752800.0,0.0,80.0,41.0,3.36
stralsund,DE,54.31,13.08,1553755084.0,75.0,93.0,46.4,11.41
biltine,TD,14.53,20.93,1553755847.0,8.0,18.0,77.48,17.25
bambous virieux,MU,-20.34,57.76,1553755745.0,75.0,74.0,87.01,9.17
hofn,IS,64.25,-15.21,1553755848.0,92.0,100.0,36.35,9.53
faanui,PF,-16.48,-151.75,1553755849.0,80.0,98.0,85.58,3.94
nanortalik,GL,60.14,-45.24,1553755849.0,0.0,100.0,24.65,35.37
rio grande,BR,-32.03,-52.1,1553755664.0,56.0,87.0,68.75,15.46
ahuimanu,US,21.44,-157.84,1553755647.0,20.0,78.0,75.2,3.71
thompson,CA,55.74,-97.86,1553752800.0,40.0,66.0,10.4,6.93
chuy,UY,-33.69,-53.46,1553755850.0,8.0,89.0,60.65,9.53
preobrazheniye,RU,42.9,133.91,1553755851.0,76.0,36.0,32.93,6.4
ahipara,NZ,-35.17,173.16,1553755851.0,100.0,84.0,69.74,9.86
bilma,NE,18.69,12.92,1553755852.0,44.0,31.0,63.35,3.94
abu kamal,SY,34.45,40.92,1553755852.0,0.0,97.0,53.81,8.75
tuatapere,NZ,-46.13,167.69,1553755807.0,0.0,74.0,57.99,5.95
sisimiut,GL,66.94,-53.67,1553755815.0,0.0,38.0,-12.97,2.71
sibu,MY,2.29,111.83,1553752800.0,75.0,83.0,82.4,3.36
barrow,AR,-38.31,-60.23,1553755853.0,0.0,89.0,55.7,14.9
butaritari,KI,3.07,172.79,1553755854.0,88.0,99.0,84.5,19.26
makakilo city,US,21.35,-158.09,1553755647.0,1.0,73.0,75.2,10.29
payakumbuh,ID,-0.23,100.63,1553755855.0,80.0,87.0,79.46,2.59
santiago del estero,AR,-27.8,-64.26,1553755855.0,88.0,88.0,61.19,3.15
turukhansk,RU,65.8,87.96,1553755855.0,92.0,96.0,31.04,13.11
upernavik,GL,72.79,-56.15,1553755856.0,64.0,100.0,4.4,6.96
samarai,PG,-10.62,150.67,1553755856.0,8.0,99.0,84.14,11.65
sao joao da barra,BR,-21.64,-41.05,1553755856.0,92.0,99.0,80.27,12.1
hobyo,SO,5.35,48.53,1553755857.0,0.0,74.0,84.23,10.42
kungalv,SE,57.87,11.98,1553755831.0,90.0,93.0,44.01,6.93
cache creek,CA,50.81,-121.33,1553755533.0,1.0,92.0,46.4,4.7
eldorado,MX,24.32,-107.36,1553755816.0,88.0,82.0,64.0,1.99
pipri,IN,24.21,83.02,1553755859.0,0.0,33.0,88.64,3.83
qaanaaq,GL,77.48,-69.36,1553755859.0,44.0,82.0,-9.82,8.41
lorengau,PG,-2.02,147.27,1553755860.0,48.0,100.0,82.34,8.41
huarmey,PE,-10.07,-78.15,1553755860.0,80.0,90.0,65.78,3.15
sola,NO,58.89,5.65,1553755802.0,75.0,100.0,45.0,9.17
flin flon,CA,54.77,-101.88,1553755861.0,68.0,79.0,24.92,6.85
georgetown,GY,6.8,-58.16,1553755814.0,92.0,86.0,77.57,5.95
luchegorsk,RU,46.44,134.3,1553755862.0,68.0,36.0,28.88,6.96
hibbing,US,47.43,-92.94,1553755836.0,90.0,74.0,36.0,14.99
sao filipe,CV,14.9,-24.5,1553755862.0,0.0,100.0,68.84,11.21
vila velha,BR,-3.71,-38.6,1553755689.0,40.0,94.0,77.0,4.7
kununurra,AU,-15.77,128.74,1553752800.0,0.0,22.0,98.6,11.41
santa rosalia,IT,38.07,13.27,1553755855.0,75.0,76.0,55.99,19.46
mjolby,SE,58.33,15.12,1553755646.0,0.0,100.0,39.0,3.36
richards bay,ZA,-28.77,32.06,1553755864.0,0.0,80.0,73.97,13.89
moose factory,CA,51.26,-80.61,1553753820.0,90.0,93.0,35.6,19.46
lichuan,CN,30.3,108.94,1553755865.0,76.0,88.0,59.66,2.93
guarapari,BR,-20.67,-40.5,1553755777.0,40.0,88.0,75.0,5.82
pacific grove,US,36.62,-121.92,1553755856.0,1.0,93.0,54.0,5.17
port blair,IN,11.67,92.75,1553755726.0,20.0,99.0,85.58,6.96
yarada,IN,17.65,83.27,1553752800.0,0.0,52.0,93.2,9.17
mokrousovo,RU,55.81,66.77,1553755867.0,20.0,93.0,36.44,7.4
umm lajj,SA,25.02,37.27,1553755868.0,0.0,79.0,68.3,8.97
inhambane,MZ,-23.87,35.38,1553752800.0,20.0,61.0,80.6,8.05
faya,SA,18.39,42.45,1553752800.0,40.0,59.0,69.8,8.05
castro,CL,-42.48,-73.76,1553752800.0,90.0,100.0,44.6,2.24
dolgoye,RU,52.06,37.53,1553755869.0,0.0,77.0,29.06,10.42
narsaq,GL,60.91,-46.05,1553752200.0,20.0,52.0,15.8,18.34
coquimbo,CL,-29.95,-71.34,1553752800.0,90.0,87.0,57.2,5.82
pingshan,CN,28.83,104.35,1553755871.0,76.0,49.0,73.88,4.61
hasaki,JP,35.73,140.83,1553755176.0,75.0,62.0,57.2,6.93
jiazi,CN,19.61,110.49,1553752800.0,20.0,49.0,91.4,4.47
palotina,BR,-24.28,-53.84,1553755872.0,0.0,84.0,71.72,9.64
vanderhoof,CA,54.02,-124.02,1553755872.0,0.0,67.0,28.07,3.94
teacapan,MX,22.54,-105.74,1553755873.0,12.0,81.0,63.89,1.48
guozhen,CN,29.3,113.14,1553755873.0,80.0,94.0,65.15,4.27
lapua,FI,62.97,23.01,1553755871.0,0.0,92.0,36.0,2.24
manokwari,ID,-0.87,134.08,1553755874.0,20.0,98.0,82.34,16.8
sandnessjoen,NO,66.02,12.63,1553754000.0,75.0,93.0,42.8,27.51
kyzyl-mazhalyk,RU,51.15,90.58,1553755875.0,0.0,24.0,42.2,6.06
chuguyevka,RU,44.17,133.87,1553755875.0,24.0,32.0,30.68,9.53
airai,TL,-8.93,125.41,1553755875.0,92.0,80.0,77.12,2.15
fereydunshahr,IR,32.94,50.12,1553755875.0,20.0,75.0,38.6,2.59
skrunda,LV,56.68,22.02,1553754000.0,90.0,100.0,33.8,2.24
atambua,ID,-9.11,124.89,1553755876.0,100.0,100.0,79.1,7.63
haines junction,CA,60.75,-137.51,1553755877.0,0.0,80.0,20.24,2.15
torbay,CA,47.66,-52.73,1553755599.0,5.0,78.0,16.0,4.7
manaus,BR,-3.13,-59.98,1553752800.0,0.0,78.0,80.6,2.24
phalodi,IN,27.13,72.36,1553755878.0,0.0,44.0,92.87,5.28
lasa,CY,34.92,32.53,1553755532.0,40.0,82.0,60.8,3.36
batemans bay,AU,-35.71,150.18,1553755803.0,56.0,46.0,77.0,4.0
yinchuan,CN,38.48,106.21,1553755880.0,0.0,33.0,51.47,10.98
fuyu,CN,47.79,124.46,1553755880.0,48.0,35.0,37.97,8.63
anahuac,US,29.77,-94.68,1553755876.0,1.0,93.0,60.8,5.84
paptalaya,HN,15.5,-84.32,1553755881.0,92.0,66.0,76.67,5.28
yerbogachen,RU,61.28,108.01,1553755882.0,56.0,70.0,32.57,3.83
acari,BR,-6.44,-36.64,1553755882.0,56.0,95.0,69.65,3.6
vao,EE,59.1,26.19,1553755882.0,0.0,90.0,28.16,5.39
chake chake,TZ,-5.25,39.77,1553755883.0,92.0,100.0,78.29,6.06
port hardy,CA,50.7,-127.42,1553752800.0,5.0,93.0,35.6,3.36
braco do norte,BR,-28.27,-49.17,1553755608.0,92.0,97.0,57.0,5.01
umea,SE,63.83,20.26,1553754000.0,75.0,74.0,37.4,12.75
margate,AU,-43.03,147.26,1553755876.0,0.0,40.0,72.0,12.75
taclobo,PH,12.31,122.59,1553755885.0,68.0,100.0,79.28,7.4
te anau,NZ,-45.41,167.72,1553755885.0,0.0,59.0,59.48,1.36
amboasary,MG,-25.04,46.38,1553752800.0,75.0,88.0,77.0,11.41
babati,TZ,-4.21,35.75,1553755886.0,44.0,87.0,69.47,3.94
ust-tsilma,RU,65.44,52.15,1553755886.0,0.0,75.0,29.6,3.6
teguise,ES,29.06,-13.56,1553752800.0,20.0,87.0,59.0,6.93
port hedland,AU,-20.31,118.58,1553752800.0,0.0,63.0,93.2,13.87
east london,ZA,-33.02,27.91,1553752800.0,0.0,64.0,69.8,8.05
mahanoro,MG,-19.9,48.8,1553755888.0,92.0,92.0,76.58,4.94
santa cruz,US,36.97,-122.03,1553755591.0,40.0,100.0,53.6,3.36
duku,NG,11.24,4.91,1553755891.0,8.0,34.0,71.99,7.63
los llanos de aridane,ES,28.66,-17.92,1553755862.0,0.0,67.0,62.6,5.82
olinda,EC,-2.03,-79.75,1553755828.0,75.0,74.0,78.8,8.05
dolores,UY,-33.53,-58.22,1553755892.0,0.0,83.0,59.12,12.21
brigantine,US,39.41,-74.36,1553755864.0,1.0,92.0,39.0,6.96
belaya gora,RU,68.54,146.19,1553755893.0,0.0,81.0,10.16,5.17
chernyshevskiy,RU,63.01,112.47,1553755893.0,44.0,77.0,28.7,3.27
kosa,RU,59.94,54.99,1553755894.0,80.0,96.0,33.29,5.5
itoman,JP,26.12,127.67,1553754600.0,75.0,78.0,77.0,18.34
lahaina,US,20.87,-156.68,1553755847.0,20.0,64.0,75.2,3.36
itaituba,BR,-4.26,-55.99,1553755895.0,0.0,84.0,78.02,3.71
hamilton,BM,32.3,-64.78,1553755509.0,75.0,82.0,62.6,16.11
saint-augustin,FR,44.83,-0.61,1553755869.0,0.0,80.0,43.0,3.36
pueblo,US,38.25,-104.61,1553755638.0,1.0,19.0,59.0,6.93
fare,PF,-16.7,-151.02,1553755897.0,36.0,96.0,84.95,2.71
bilibino,RU,68.06,166.44,1553755897.0,92.0,71.0,7.64,3.94
gravdal,NO,59.79,5.78,1553755807.0,75.0,93.0,46.99,11.41
ouro preto do oeste,BR,-10.75,-62.22,1553755898.0,32.0,90.0,75.32,3.38
mazatlan,MX,23.22,-106.42,1553755542.0,40.0,82.0,69.01,1.59
thinadhoo,MV,0.53,72.93,1553755898.0,24.0,100.0,83.24,3.15
cervo,BR,-22.19,-46.24,1553755899.0,12.0,91.0,59.75,3.83
madang,PG,-5.21,145.81,1553755899.0,44.0,97.0,78.74,4.16
omsukchan,RU,62.53,155.8,1553755899.0,64.0,74.0,5.84,10.98
kultuk,RU,51.73,103.71,1553755529.0,56.0,33.0,35.01,5.99
mackay,CA,53.65,-115.58,1553752800.0,90.0,83.0,32.0,3.94
hambantota,LK,6.12,81.12,1553753400.0,20.0,41.0,93.2,6.93
pojejena,RO,44.77,21.58,1553754600.0,0.0,47.0,35.6,2.24
lima,PE,-12.06,-77.04,1553755806.0,0.0,83.0,71.6,5.82
arlit,NE,18.74,7.39,1553755901.0,76.0,34.0,68.84,2.93
conchagua,SV,13.31,-87.86,1553755901.0,0.0,63.0,83.33,14.79
yenagoa,NG,4.92,6.26,1553755902.0,12.0,92.0,76.94,4.94
kainantu,PG,-6.29,145.87,1553755902.0,36.0,74.0,76.04,0.69
antalaha,MG,-14.9,50.28,1553755902.0,68.0,100.0,78.11,4.72
tynda,RU,55.15,124.74,1553755903.0,20.0,43.0,18.53,6.17
chibuto,MZ,-24.69,33.53,1553755903.0,0.0,68.0,77.39,4.61
port lincoln,AU,-34.72,135.86,1553755904.0,32.0,74.0,71.72,13.78
badvel,IN,14.74,79.07,1553751000.0,0.0,41.0,93.2,4.7
qingquan,TW,24.58,121.1,1553755897.0,20.0,70.0,89.01,19.46
cidreira,BR,-30.17,-50.22,1553755904.0,64.0,75.0,69.2,11.77
roald,NO,62.58,6.12,1553755804.0,75.0,87.0,50.0,26.4
zamora,ES,41.51,-5.74,1553753459.0,0.0,50.0,34.0,2.24
nuuk,GL,64.17,-51.74,1553755321.0,68.0,85.0,15.8,4.72
valle de allende,MX,26.94,-105.39,1553755906.0,44.0,21.0,63.8,8.41
kudahuvadhoo,MV,2.67,72.89,1553755906.0,88.0,100.0,83.51,7.52
pozo colorado,PY,-23.49,-58.8,1553755906.0,0.0,69.0,66.05,8.63
dixon,US,41.84,-89.48,1553755810.0,90.0,81.0,52.0,12.75
hengshui,CN,37.73,115.7,1553755907.0,80.0,48.0,54.26,9.31
harper,US,30.3,-99.24,1553755666.0,90.0,82.0,61.0,13.87
champerico,MX,16.38,-93.6,1553755908.0,0.0,58.0,69.11,7.4
marystown,CA,47.17,-55.16,1553755560.0,0.0,100.0,18.0,4.05
balogo,PH,12.98,124.02,1553755908.0,80.0,100.0,79.01,10.76
noumea,NC,-22.28,166.46,1553754600.0,75.0,58.0,82.4,5.82
alekseyevsk,RU,57.84,108.35,1553755909.0,76.0,71.0,28.34,3.6
namatanai,PG,-3.66,152.44,1553755909.0,0.0,92.0,84.86,15.23
setermoen,NO,68.86,18.35,1553755551.0,75.0,80.0,39.2,9.17
nalut,LY,31.86,10.98,1553755910.0,64.0,80.0,49.58,9.53
jurmala,LV,56.97,23.77,1553755840.0,90.0,89.0,34.0,5.82
vanimo,PG,-2.67,141.3,1553755911.0,64.0,100.0,82.88,7.96
saint anthony,US,43.97,-111.68,1553755522.0,40.0,69.0,39.99,6.93
port-gentil,GA,-0.72,8.78,1553752800.0,75.0,94.0,80.6,3.36
ukiah,US,39.15,-123.21,1553755705.0,20.0,81.0,50.0,2.48
nouadhibou,MR,20.93,-17.03,1553752800.0,0.0,88.0,62.6,11.41
constitucion,MX,23.99,-104.67,1553755817.0,12.0,35.0,62.01,7.0
taoudenni,ML,22.68,-3.98,1553755913.0,0.0,68.0,58.94,2.82
shubarkuduk,KZ,49.15,56.49,1553755914.0,92.0,100.0,36.08,11.43
nioro,GM,13.79,-15.05,1553755914.0,0.0,54.0,71.45,10.54
yeppoon,AU,-23.13,150.74,1553752800.0,75.0,74.0,80.6,13.87
carsamba,TR,41.2,36.72,1553752200.0,75.0,70.0,45.0,4.7
salalah,OM,17.01,54.1,1553752200.0,0.0,54.0,84.2,5.82
seminole,US,32.72,-102.64,1553755789.0,1.0,87.0,59.0,9.17
karasjok,NO,69.47,25.52,1553754000.0,75.0,59.0,35.6,51.67
marsa matruh,EG,31.35,27.25,1553755916.0,76.0,62.0,56.42,4.72
ponta do sol,BR,-20.63,-46.0,1553755916.0,100.0,58.0,74.42,8.63
lithakia,GR,37.72,20.83,1553755786.0,90.0,100.0,52.0,5.82
longhua,CN,29.21,106.21,1553755917.0,92.0,85.0,67.31,4.94
atar,MR,20.52,-13.05,1553755739.0,0.0,55.0,49.58,2.37
baykit,RU,61.68,96.39,1553755918.0,32.0,74.0,31.67,3.83
naze,NG,5.43,7.07,1553755918.0,0.0,86.0,76.94,7.85
kenai,US,60.55,-151.26,1553755624.0,1.0,69.0,41.0,4.7
aksay,RU,47.27,39.86,1553752800.0,40.0,86.0,37.4,8.95
vardo,US,39.62,-77.74,1553755775.0,1.0,74.0,39.2,5.5
colac,AU,-38.34,143.59,1553755819.0,0.0,27.0,82.99,5.99
lewistown,US,40.39,-90.15,1553755894.0,90.0,71.0,52.0,6.93
gat,SN,14.69,-16.54,1553752800.0,0.0,88.0,66.2,16.11
sinjai,ID,-5.12,120.25,1553755642.0,92.0,90.0,80.0,3.04
klaksvik,FO,62.23,-6.59,1553754000.0,76.0,87.0,46.4,12.75
kamenka,RU,53.19,44.05,1553755921.0,0.0,91.0,25.46,8.41
nayoro,JP,44.36,142.46,1553750280.0,75.0,64.0,32.0,9.17
tungor,RU,53.39,142.95,1553755922.0,68.0,92.0,20.87,17.02
bathsheba,BB,13.22,-59.52,1553752800.0,75.0,73.0,77.0,16.11
lieksa,FI,63.32,30.02,1553755923.0,56.0,79.0,28.07,4.38
kuhdasht,IR,33.53,47.61,1553754600.0,90.0,100.0,41.0,11.41
najran,SA,17.54,44.22,1553752800.0,5.0,44.0,75.2,4.7
severo-yeniseyskiy,RU,60.37,93.04,1553755924.0,68.0,57.0,36.17,3.71
yulara,AU,-25.24,130.99,1553752800.0,0.0,7.0,91.4,8.05
jaffna,LK,9.67,80.01,1553755890.0,0.0,100.0,84.68,5.61
piet retief,ZA,-27.01,30.81,1553755925.0,0.0,80.0,65.15,4.16
taitung,TW,22.76,121.15,1553752800.0,20.0,74.0,84.2,10.29
sokoto,NG,13.06,5.24,1553755925.0,0.0,28.0,69.65,11.1
cayenne,GF,4.94,-52.33,1553752800.0,90.0,83.0,78.8,3.36
coxim,BR,-18.5,-54.75,1553755926.0,44.0,70.0,78.38,8.97
nizhnyaya tavda,RU,57.67,66.17,1553755927.0,0.0,98.0,35.27,7.18
rancho palos verdes,US,33.75,-118.37,1553755705.0,40.0,93.0,61.0,9.98
kendari,ID,-3.99,122.52,1553755928.0,80.0,77.0,85.67,5.61
thai binh,VN,20.45,106.33,1553752800.0,75.0,78.0,80.6,11.41
klyuchi,RU,52.25,79.17,1553755928.0,0.0,63.0,38.78,11.65
ulundi,ZA,-28.29,31.43,1553755928.0,44.0,88.0,61.91,3.6
shimoda,JP,34.7,138.93,1553752800.0,75.0,37.0,66.2,13.87
ushibuka,JP,32.19,130.02,1553755929.0,36.0,86.0,62.54,3.71
rawalpindi,PK,33.6,73.06,1553755764.0,24.0,41.0,81.0,5.01
igra,RU,57.55,53.1,1553755512.0,92.0,86.0,36.0,1.99
saint george,GR,39.45,22.34,1553755400.0,75.0,66.0,53.6,18.34
dickinson,US,46.88,-102.79,1553755927.0,90.0,74.0,37.0,3.36
birjand,IR,32.86,59.22,1553752800.0,0.0,42.0,64.4,4.7
igarka,RU,67.47,86.57,1553755931.0,92.0,98.0,32.57,14.34
maceio,BR,-9.67,-35.74,1553752800.0,40.0,88.0,75.2,3.36
serrinha,BR,-11.66,-39.0,1553755932.0,36.0,98.0,71.18,5.61
nasirabad,IN,26.3,74.74,1553755933.0,20.0,35.0,93.14,4.38
basoko,CD,1.23,23.61,1553755933.0,48.0,98.0,74.42,3.94
ilihan,PH,10.91,123.97,1553752800.0,20.0,58.0,87.8,13.87
brae,GB,60.4,-1.35,1553754000.0,75.0,87.0,48.2,32.21
eydhafushi,MV,5.1,73.07,1553755934.0,0.0,100.0,84.14,7.18
tiznit,MA,29.7,-9.73,1553755934.0,76.0,96.0,54.17,2.93
saint-pierre,FR,48.95,4.24,1553755924.0,8.0,75.0,36.0,8.05
leningradskiy,RU,69.38,178.42,1553755936.0,76.0,86.0,17.72,22.06
tateyama,JP,36.66,137.31,1553755212.0,75.0,61.0,53.01,3.36
new castle,US,41.0,-80.35,1553755635.0,1.0,35.0,44.6,5.82
alugan,PH,12.22,125.48,1553755937.0,44.0,87.0,81.62,10.65
bodaybo,RU,57.85,114.2,1553755937.0,68.0,61.0,23.75,2.93
hereford,GB,52.06,-2.72,1553755930.0,0.0,94.0,42.01,2.71
artvin,TR,41.18,41.83,1553752800.0,75.0,93.0,46.4,12.75
killam,CA,52.79,-111.86,1553755938.0,0.0,69.0,18.62,3.27
tulun,RU,54.56,100.58,1553755938.0,0.0,53.0,34.37,3.49
oktyabrskoye,RU,56.73,85.44,1553755823.0,40.0,60.0,41.0,6.71
copiapo,CL,-27.37,-70.33,1553752800.0,20.0,81.0,53.6,3.36
vurnary,RU,55.49,46.95,1553755939.0,92.0,93.0,33.56,5.39
porto velho,BR,-8.75,-63.87,1553752800.0,20.0,94.0,77.0,2.24
northam,GB,51.04,-4.21,1553755931.0,90.0,100.0,42.01,4.7
maniitsoq,GL,65.42,-52.9,1553755940.0,36.0,80.0,7.82,4.05
lichinga,MZ,-13.3,35.25,1553752800.0,40.0,93.0,66.2,16.11
velingrad,BG,42.03,23.99,1553755865.0,75.0,96.0,44.6,13.87
samana,EC,0.12,-76.97,1553755941.0,92.0,98.0,71.72,2.37
basco,US,40.33,-91.2,1553755835.0,90.0,54.0,59.0,11.41
ucluelet,CA,48.94,-125.55,1553755653.0,12.0,84.0,48.0,2.59
berezovyy,RU,51.67,135.7,1553755942.0,56.0,55.0,23.03,5.28
kiunga,PG,-6.12,141.3,1553755943.0,8.0,59.0,91.07,2.93
port macquarie,AU,-31.43,152.91,1553755805.0,80.0,53.0,75.99,10.29
yar-sale,RU,66.83,70.83,1553755863.0,12.0,94.0,24.65,10.65
banjar,ID,-7.37,108.54,1553755944.0,44.0,74.0,85.4,3.71
katsuura,JP,33.93,134.5,1553754870.0,75.0,55.0,62.6,10.29
daru,SL,7.99,-10.85,1553755944.0,88.0,94.0,72.26,2.71
miraflores,CO,5.2,-73.14,1553755945.0,92.0,100.0,51.92,1.81
kikwit,CD,-5.04,18.82,1553755945.0,80.0,98.0,71.27,4.61
zhezkazgan,KZ,47.8,67.71,1553752800.0,90.0,100.0,46.4,15.66
ondjiva,AO,-17.07,15.73,1553755946.0,68.0,63.0,75.59,3.04
cap-aux-meules,CA,47.38,-61.86,1553752800.0,5.0,73.0,24.8,13.87
galveston,US,40.58,-86.19,1553755925.0,90.0,81.0,48.2,6.93
boz,FR,46.41,4.91,1553755611.0,0.0,92.0,41.0,2.24
marsh harbour,BS,26.54,-77.06,1553755947.0,0.0,100.0,68.12,9.53
hornepayne,CA,49.22,-84.78,1553755947.0,92.0,94.0,44.18,11.54
hanyang,CN,32.14,105.51,1553755812.0,0.0,34.0,75.0,0.92
padang,ID,-0.92,100.36,1553755948.0,56.0,100.0,82.88,3.83
zamardi,HU,46.88,17.95,1553753700.0,0.0,86.0,37.4,2.24
waingapu,ID,-9.65,120.26,1553755949.0,80.0,81.0,82.79,4.16
luhyny,UA,51.08,28.4,1553755949.0,76.0,75.0,31.58,4.61
taree,AU,-31.91,152.46,1553755895.0,56.0,53.0,75.2,10.29
comodoro rivadavia,AR,-45.87,-67.48,1553752800.0,0.0,52.0,68.0,3.36
ponta delgada,PT,37.73,-25.67,1553755945.0,20.0,76.0,55.4,10.29
karratha,AU,-20.74,116.85,1553755768.0,0.0,67.0,91.7,5.39
whitehorse,CA,60.72,-135.06,1553755924.0,20.0,55.0,33.8,4.7
beaune,FR,47.02,4.84,1553755611.0,0.0,76.0,41.0,9.17
liverpool,GB,53.41,-2.98,1553755929.0,40.0,93.0,46.4,3.36
gamba,CN,28.28,88.52,1553755952.0,0.0,92.0,26.27,3.71
buala,SB,-8.15,159.59,1553755952.0,20.0,86.0,84.5,3.71
muros,ES,42.77,-9.06,1553755928.0,0.0,85.0,55.99,1.12
qasigiannguit,GL,68.82,-51.19,1553752200.0,68.0,65.0,8.6,16.11
petauke,ZM,-14.25,31.33,1553755953.0,0.0,70.0,73.7,10.87
honiara,SB,-9.43,159.96,1553755954.0,64.0,74.0,83.15,1.25
ostrovnoy,RU,68.05,39.51,1553755954.0,8.0,87.0,25.37,15.35
mombetsu,JP,44.35,143.35,1553755867.0,75.0,86.0,30.0,11.41
borskoye,RU,53.03,51.7,1553755955.0,32.0,99.0,32.57,7.85
paraiso,MX,24.01,-104.61,1553755817.0,12.0,35.0,62.01,7.0
batagay-alyta,RU,67.8,130.41,1553755956.0,0.0,71.0,17.81,4.16
karlskrona,SE,56.16,15.59,1553754000.0,0.0,100.0,33.8,3.36
aleppo,SY,36.2,37.17,1553755956.0,0.0,94.0,53.45,7.4
bereda,ES,43.27,-7.54,1553755804.0,0.0,70.0,51.01,2.24
la ronge,CA,55.1,-105.3,1553754060.0,90.0,62.0,24.8,8.05
chulumani,BO,-16.41,-67.53,1553755958.0,76.0,100.0,53.27,1.25
codrington,AU,-28.95,153.24,1553755833.0,90.0,61.0,77.0,14.99
palmer,AU,-34.85,139.16,1553755615.0,0.0,23.0,82.99,9.17
lakselv,NO,70.05,24.96,1553755807.0,75.0,59.0,35.6,51.67
nizhniy bestyakh,RU,61.96,129.91,1553751000.0,0.0,47.0,15.8,4.47
amol,IR,36.47,52.35,1553755960.0,44.0,100.0,53.09,5.06
bundaberg,AU,-24.87,152.35,1553755517.0,75.0,88.0,73.0,14.99
san jose,PH,15.79,120.99,1553755860.0,0.0,54.0,88.37,3.04
moussoro,TD,13.64,16.49,1553755962.0,0.0,16.0,76.13,14.0
nelson bay,AU,-32.72,152.14,1553755839.0,0.0,50.0,77.0,11.41
beloha,MG,-25.17,45.06,1553755962.0,20.0,63.0,80.18,13.44
zemetchino,RU,53.5,42.62,1553755963.0,0.0,90.0,21.14,7.18
auki,NG,12.18,6.51,1553755963.0,8.0,28.0,69.47,11.21
chenghai,CN,23.46,116.77,1553752800.0,40.0,62.0,84.2,6.71
sabalgarh,IN,26.25,77.41,1553755964.0,0.0,34.0,91.79,6.4
cairns,AU,-16.92,145.77,1553755518.0,64.0,79.0,86.0,8.05
male,UA,50.74,33.7,1553755965.0,0.0,82.0,29.42,8.75
fort-shevchenko,KZ,44.51,50.26,1553755965.0,0.0,90.0,46.07,9.86
lensk,RU,60.71,114.91,1553755965.0,48.0,68.0,27.26,3.49
cangzhou,CN,38.3,116.85,1553755966.0,88.0,62.0,45.08,14.56
taman,RU,45.22,36.72,1553752800.0,75.0,80.0,41.0,15.66
lencois paulista,BR,-22.6,-48.8,1553755549.0,0.0,100.0,68.0,6.93
cortez,US,37.35,-108.58,1553755919.0,1.0,52.0,46.4,4.7
tomigusuku,JP,26.18,127.67,1553754600.0,75.0,78.0,77.0,18.34
san quintin,PH,17.54,120.52,1553755889.0,0.0,43.0,87.74,7.18
pouembout,NC,-21.12,164.9,1553755967.0,68.0,56.0,80.0,5.73
mayumba,GA,-3.44,10.65,1553755968.0,80.0,100.0,74.96,6.17
buraydah,SA,26.33,43.97,1553752800.0,0.0,37.0,66.2,9.17
jaora,IN,23.64,75.13,1553755968.0,0.0,33.0,94.76,4.38
kajaani,FI,64.22,27.73,1553754000.0,0.0,79.0,28.4,6.93
moses lake,US,47.13,-119.28,1553755819.0,90.0,61.0,48.2,5.82
solnechnyy,RU,50.72,136.64,1553755969.0,24.0,64.0,24.29,8.41
phan thiet,VN,10.93,108.1,1553755897.0,32.0,75.0,86.75,11.99
vestmannaeyjar,IS,63.44,-20.27,1553752800.0,75.0,100.0,32.0,13.87
corning,US,42.14,-77.05,1553755937.0,1.0,37.0,39.2,3.36
boa vista,BR,2.82,-60.67,1553752800.0,0.0,61.0,82.4,8.05
mana,RS,43.52,20.24,1553754600.0,0.0,59.0,33.8,1.12
isiro,CD,2.77,27.62,1553755972.0,64.0,90.0,72.08,2.71
novikovo,UA,45.05,34.56,1553755864.0,56.0,100.0,36.17,12.21
nabire,ID,-3.36,135.5,1553755973.0,32.0,88.0,79.19,1.92
manyana,AU,-35.26,150.51,1553755926.0,40.0,57.0,75.2,13.87
develi,TR,38.39,35.49,1553754000.0,20.0,60.0,41.0,4.7
kavaratti,IN,10.57,72.64,1553755921.0,36.0,100.0,83.06,3.38
rodrigues alves,BR,-7.74,-72.65,1553752800.0,90.0,94.0,75.2,4.61
san rafael,AR,-34.61,-68.33,1553755975.0,8.0,78.0,56.15,7.4
peterhead,AU,-34.83,138.5,1553755961.0,0.0,23.0,82.99,9.17
shache,CN,38.42,77.24,1553755976.0,24.0,29.0,67.4,4.94
moree,AU,-29.46,149.84,1553755559.0,40.0,30.0,86.0,5.82
wasilla,US,61.58,-149.44,1553755882.0,90.0,90.0,43.0,2.93
mount isa,AU,-20.73,139.49,1553752800.0,90.0,61.0,80.6,12.75
belmonte,PT,40.36,-7.35,1553755545.0,0.0,51.0,44.01,4.0
srivardhan,IN,18.03,73.02,1553755977.0,0.0,65.0,89.09,3.38
feijo,EC,-3.63,-79.92,1553755978.0,100.0,97.0,66.14,2.37
anadyr,RU,64.73,177.51,1553755946.0,90.0,85.0,17.6,13.42
necochea,AR,-38.55,-58.74,1553755904.0,0.0,89.0,54.0,1.01
aykhal,RU,65.95,111.51,1553755979.0,0.0,81.0,29.33,4.94
bandarbeyla,SO,9.49,50.81,1553755894.0,0.0,100.0,79.28,5.84
pemba,MZ,-12.97,40.52,1553752800.0,20.0,83.0,80.6,5.82
peniche,PT,39.36,-9.38,1553755856.0,20.0,87.0,51.01,5.82
usinsk,RU,66.0,57.56,1553755981.0,36.0,98.0,28.88,5.17
khandyga,RU,62.65,135.58,1553755981.0,0.0,51.0,17.99,3.38
high level,CA,58.52,-117.13,1553752800.0,1.0,68.0,30.2,2.24
sao jose da coroa grande,BR,-8.9,-35.15,1553755982.0,88.0,100.0,76.67,4.83
taltal,CL,-25.41,-70.49,1553755982.0,0.0,85.0,52.73,3.83
xinzhi,TW,22.54,120.62,1553755594.0,75.0,66.0,84.2,12.75
erenhot,CN,43.65,111.97,1553755983.0,0.0,36.0,41.12,8.41
sorland,NO,67.67,12.69,1553754000.0,40.0,87.0,42.8,26.4
linkou,CN,45.29,130.27,1553755984.0,32.0,34.0,31.31,8.52
lagoa,PT,37.14,-8.45,1553755632.0,0.0,58.0,55.4,16.11
kachiry,KZ,53.07,76.1,1553755985.0,0.0,92.0,37.34,9.19
gull lake,CA,50.1,-108.48,1553752800.0,90.0,79.0,28.4,4.7
san cristobal,EC,-0.39,-78.55,1553754604.0,75.0,100.0,57.2,3.36
talnakh,RU,69.49,88.39,1553755987.0,92.0,99.0,27.8,13.0
ferme-neuve,CA,46.7,-75.45,1553755987.0,48.0,57.0,29.51,9.98
katherine,AU,-14.47,132.26,1553752800.0,40.0,43.0,89.6,6.93
chalmette,US,29.94,-89.96,1553755749.0,90.0,76.0,59.0,5.95
krasnogorskoye,RU,57.7,52.5,1553755988.0,92.0,94.0,34.37,6.17
crotone,IT,39.09,17.12,1553755989.0,92.0,100.0,54.08,14.0
henties bay,NA,-22.12,14.28,1553752934.0,64.0,93.0,62.01,3.0
kattivakkam,IN,13.22,80.32,1553754830.0,0.0,39.0,95.0,11.41
mnogovershinnyy,RU,53.94,139.92,1553755990.0,80.0,66.0,20.6,7.4
jiwani,PK,25.05,61.74,1553755990.0,36.0,77.0,78.92,3.38
petit goave,HT,18.43,-72.87,1553755517.0,92.0,92.0,73.0,3.15
vulcan,CA,50.4,-113.26,1553755759.0,24.0,87.0,28.0,1.01
lunsar,SL,8.69,-12.54,1553755992.0,32.0,87.0,75.77,3.27
sioux lookout,CA,50.1,-91.92,1553753520.0,90.0,86.0,33.8,9.17
bambanglipuro,ID,-7.95,110.28,1553755992.0,32.0,85.0,84.32,6.17
ust-koksa,RU,50.27,85.62,1553755993.0,0.0,69.0,36.8,2.59
chiredzi,ZW,-21.05,31.67,1553755698.0,0.0,80.0,72.89,3.6
ubon ratchathani,TH,15.23,104.86,1553752800.0,40.0,49.0,93.2,8.05
assomada,CV,15.1,-23.68,1553752800.0,40.0,72.0,66.2,6.93
tanout,NE,14.97,8.88,1553755994.0,0.0,28.0,66.5,8.52
coahuayana,MX,18.62,-100.35,1553755995.0,0.0,50.0,57.5,2.71
jardim,BR,-21.48,-56.15,1553755995.0,0.0,70.0,69.92,5.73
severodvinsk,RU,64.56,39.82,1553752800.0,75.0,79.0,28.4,6.71
marawi,PH,8.0,124.29,1553755568.0,92.0,85.0,81.0,8.99
nizhniy kuranakh,RU,58.84,125.49,1553755996.0,8.0,46.0,19.34,3.6
markova,RU,52.21,104.21,1553755529.0,20.0,37.0,35.01,4.47
antofagasta,CL,-23.65,-70.4,1553752800.0,0.0,77.0,62.6,5.82
moskovskoye,RU,45.29,41.92,1553752800.0,75.0,73.0,33.8,15.66
umm kaddadah,SD,13.6,26.69,1553755997.0,8.0,15.0,68.12,11.32
puro,PH,13.13,123.76,1553755998.0,88.0,92.0,78.65,4.72
moron,VE,10.49,-68.2,1553755998.0,80.0,95.0,67.58,3.04
placido de castro,BR,-10.34,-67.19,1553755998.0,32.0,84.0,75.14,3.83
sambava,MG,-14.27,50.17,1553755999.0,76.0,100.0,80.36,8.19
tadine,NC,-21.55,167.88,1553755999.0,12.0,89.0,80.9,16.91
adamovka,RU,51.52,59.94,1553756000.0,92.0,95.0,31.85,15.9
